timestamp,temperature,pressure,clouds,wind_speed,humidity
2020-04-02 00:00:00,280.52,1016.0,40.0,6.2,75.0
2020-04-02 01:00:00,280.52,1016.0,75.0,7.2,75.0
2020-04-02 02:00:00,280.15,1015.0,75.0,7.2,70.0
2020-04-02 03:00:00,280.53,1014.0,90.0,6.2,75.0
2020-04-02 04:00:00,280.18,1013.0,75.0,3.6,87.0
2020-04-02 05:00:00,280.33,1012.0,75.0,7.2,87.0
2020-04-02 06:00:00,280.7,1010.0,90.0,7.7,87.0
2020-04-02 07:00:00,281.11,1009.0,75.0,7.2,93.0
2020-04-02 08:00:00,281.29,1009.0,90.0,9.3,93.0
2020-04-02 09:00:00,281.56,1009.0,90.0,9.3,81.0
2020-04-02 10:00:00,281.58,1009.0,90.0,5.1,75.0
2020-04-02 11:00:00,281.54,1009.0,90.0,8.2,75.0
2020-04-02 12:00:00,281.55,1009.0,75.0,7.7,70.0
2020-04-02 13:00:00,282.24,1009.0,75.0,7.2,65.0
2020-04-02 14:00:00,282.0,1010.0,75.0,8.7,59.0
2020-04-02 15:00:00,282.02,1010.0,75.0,6.7,61.0
2020-04-02 16:00:00,280.92,1011.0,40.0,8.7,65.0
2020-04-02 17:00:00,280.74,1011.0,75.0,8.2,58.0
2020-04-02 18:00:00,280.64,1011.0,40.0,8.7,56.0
2020-04-02 19:00:00,279.86,1011.0,75.0,7.7,56.0
2020-04-02 20:00:00,278.68,1012.0,75.0,5.7,56.0
2020-04-02 21:00:00,278.01,1012.0,90.0,4.1,65.0
2020-04-02 22:00:00,277.04,1013.0,54.0,4.1,69.0
2020-04-02 23:00:00,276.75,1013.0,54.0,5.1,69.0
2020-04-03 00:00:00,276.62,1013.0,60.0,3.6,87.0
2020-04-03 01:00:00,276.24,1013.0,60.0,3.6,87.0
2020-04-03 02:00:00,276.01,1013.0,75.0,3.6,87.0
2020-04-03 03:00:00,275.6,1013.0,90.0,2.1,88.0
2020-04-03 04:00:00,275.77,1013.0,82.0,1.0,86.0
2020-04-03 05:00:00,275.25,1013.0,82.0,1.5,93.0
2020-04-03 06:00:00,274.85,1013.0,75.0,1.0,93.0
2020-04-03 07:00:00,275.06,1012.0,75.0,1.0,86.0
2020-04-03 08:00:00,276.57,1013.0,75.0,3.1,86.0
2020-04-03 09:00:00,277.39,1013.0,87.0,3.6,93.0
2020-04-03 10:00:00,278.49,1013.0,87.0,2.6,80.0
2020-04-03 11:00:00,279.21,1013.0,40.0,4.1,81.0
2020-04-03 12:00:00,280.04,1013.0,75.0,5.7,70.0
2020-04-03 13:00:00,280.08,1013.0,75.0,5.7,70.0
2020-04-03 14:00:00,280.32,1013.0,75.0,5.7,70.0
2020-04-03 15:00:00,280.95,1013.0,90.0,5.7,75.0
2020-04-03 16:00:00,280.69,1013.0,75.0,6.2,81.0
2020-04-03 17:00:00,280.61,1013.0,75.0,6.7,75.0
2020-04-03 18:00:00,280.88,1013.0,90.0,4.1,87.0
2020-04-03 19:00:00,280.97,1013.0,75.0,3.6,87.0
2020-04-03 20:00:00,280.6,1013.0,91.0,5.1,81.0
2020-04-03 21:00:00,279.86,1013.0,80.0,5.1,87.0
2020-04-03 22:00:00,279.29,1013.0,20.0,4.6,93.0
2020-04-03 23:00:00,279.38,1013.0,90.0,5.7,87.0
2020-04-04 00:00:00,279.22,1013.0,75.0,6.2,87.0
2020-04-04 01:00:00,279.33,1014.0,90.0,5.7,87.0
2020-04-04 02:00:00,279.38,1014.0,40.0,4.1,87.0
2020-04-04 03:00:00,279.22,1014.0,100.0,4.1,87.0
2020-04-04 04:00:00,279.09,1014.0,100.0,4.1,87.0
2020-04-04 05:00:00,278.73,1013.0,100.0,4.1,93.0
2020-04-04 06:00:00,279.03,1013.0,99.0,4.6,87.0
2020-04-04 07:00:00,278.8,1014.0,20.0,4.6,87.0
2020-04-04 08:00:00,279.09,1014.0,20.0,5.1,87.0
2020-04-04 09:00:00,280.49,1014.0,100.0,5.1,87.0
2020-04-04 10:00:00,281.23,1014.0,40.0,4.6,81.0
2020-04-04 11:00:00,282.22,1014.0,40.0,5.7,76.0
2020-04-04 12:00:00,282.48,1014.0,75.0,5.1,76.0
2020-04-04 13:00:00,282.49,1014.0,90.0,4.6,70.0
2020-04-04 14:00:00,283.41,1014.0,40.0,6.2,71.0
2020-04-04 15:00:00,283.78,1014.0,20.0,5.7,66.0
2020-04-04 16:00:00,283.98,1014.0,75.0,7.7,57.0
2020-04-04 17:00:00,283.3,1013.0,75.0,8.7,66.0
2020-04-04 18:00:00,282.86,1013.0,75.0,6.7,66.0
2020-04-04 19:00:00,282.51,1013.0,75.0,5.7,76.0
2020-04-04 20:00:00,282.25,1013.0,75.0,3.1,76.0
2020-04-04 21:00:00,282.22,1012.0,100.0,3.6,76.0
2020-04-04 22:00:00,281.81,1012.0,75.0,2.6,76.0
2020-04-04 23:00:00,281.85,1012.0,40.0,4.6,81.0
2020-04-05 00:00:00,282.05,1013.0,98.0,2.1,76.0
2020-04-05 01:00:00,281.23,1013.0,98.0,3.6,81.0
2020-04-05 02:00:00,281.62,1012.0,98.0,5.7,70.0
2020-04-05 03:00:00,281.0,1012.0,48.0,3.6,70.0
2020-04-05 04:00:00,279.97,1011.0,48.0,4.1,75.0
2020-04-05 05:00:00,279.66,1011.0,48.0,3.1,75.0
2020-04-05 06:00:00,279.2,1011.0,50.0,2.6,81.0
2020-04-05 07:00:00,279.68,1010.0,50.0,3.6,81.0
2020-04-05 08:00:00,280.19,1010.0,50.0,4.1,75.0
2020-04-05 09:00:00,281.68,1009.0,100.0,3.6,75.0
2020-04-05 10:00:00,282.7,1009.0,100.0,4.6,70.0
2020-04-05 11:00:00,284.2,1008.0,100.0,7.7,62.0
2020-04-05 12:00:00,285.72,1008.0,100.0,7.2,58.0
2020-04-05 13:00:00,287.2,1006.0,100.0,7.2,54.0
2020-04-05 14:00:00,288.46,1005.0,100.0,6.2,47.0
2020-04-05 15:00:00,289.64,1004.0,100.0,7.2,44.0
2020-04-05 16:00:00,290.44,1003.0,100.0,5.7,42.0
2020-04-05 17:00:00,290.52,1002.0,100.0,6.2,42.0
2020-04-05 18:00:00,290.37,1001.0,95.0,7.2,42.0
2020-04-05 19:00:00,289.92,1001.0,95.0,9.3,45.0
2020-04-05 20:00:00,289.89,1000.0,95.0,6.2,45.0
2020-04-05 21:00:00,289.42,1000.0,100.0,6.2,51.0
2020-04-05 22:00:00,288.72,999.0,100.0,4.6,55.0
2020-04-05 23:00:00,287.07,999.0,100.0,6.7,71.0
2020-04-06 00:00:00,287.27,998.0,99.0,6.2,71.0
2020-04-06 01:00:00,286.85,998.0,99.0,10.3,67.0
2020-04-06 02:00:00,286.41,997.0,75.0,11.3,82.0
2020-04-06 03:00:00,285.88,997.0,100.0,10.3,82.0
2020-04-06 04:00:00,284.59,998.0,100.0,11.3,93.0
2020-04-06 05:00:00,283.49,999.0,40.0,10.3,87.0
2020-04-06 06:00:00,283.22,1000.0,90.0,7.7,81.0
2020-04-06 07:00:00,282.77,1001.0,90.0,9.3,76.0
2020-04-06 08:00:00,282.62,1002.0,40.0,8.7,81.0
2020-04-06 09:00:00,282.96,1004.0,75.0,7.2,81.0
2020-04-06 10:00:00,283.29,1005.0,75.0,8.2,76.0
2020-04-06 11:00:00,283.81,1007.0,75.0,10.3,71.0
2020-04-06 12:00:00,283.93,1008.0,75.0,9.3,71.0
2020-04-06 13:00:00,284.39,1010.0,75.0,7.7,66.0
2020-04-06 14:00:00,284.5,1011.0,40.0,8.2,66.0
2020-04-06 15:00:00,285.12,1013.0,75.0,9.8,54.0
2020-04-06 16:00:00,285.38,1014.0,20.0,9.8,54.0
2020-04-06 17:00:00,285.4,1015.0,20.0,10.3,50.0
2020-04-06 18:00:00,284.83,1016.0,40.0,9.8,50.0
2020-04-06 19:00:00,284.21,1017.0,40.0,8.2,53.0
2020-04-06 20:00:00,282.97,1018.0,40.0,5.1,57.0
2020-04-06 21:00:00,281.4,1020.0,20.0,3.6,65.0
2020-04-06 22:00:00,280.12,1021.0,18.0,3.1,80.0
2020-04-06 23:00:00,279.88,1022.0,18.0,2.1,81.0
2020-04-07 00:00:00,279.13,1022.0,11.0,2.6,86.0
2020-04-07 01:00:00,278.34,1023.0,75.0,0.5,93.0
2020-04-07 02:00:00,278.24,1024.0,12.0,0.5,93.0
2020-04-07 03:00:00,277.58,1025.0,4.0,0.5,93.0
2020-04-07 04:00:00,277.24,1025.0,75.0,1.5,93.0
2020-04-07 05:00:00,276.97,1026.0,20.0,1.5,93.0
2020-04-07 06:00:00,276.26,1026.0,75.0,2.1,93.0
2020-04-07 07:00:00,275.94,1026.0,40.0,1.5,100.0
2020-04-07 08:00:00,276.49,1027.0,14.0,1.5,100.0
2020-04-07 09:00:00,279.2,1027.0,100.0,1.5,93.0
2020-04-07 10:00:00,281.8,1027.0,100.0,2.1,81.0
2020-04-07 11:00:00,283.58,1027.0,100.0,4.6,71.0
2020-04-07 12:00:00,285.13,1027.0,100.0,5.7,62.0
2020-04-07 13:00:00,285.97,1027.0,75.0,6.2,54.0
2020-04-07 14:00:00,286.31,1026.0,75.0,6.7,58.0
2020-04-07 15:00:00,287.28,1026.0,75.0,9.3,51.0
2020-04-07 16:00:00,287.35,1026.0,75.0,7.7,54.0
2020-04-07 17:00:00,286.9,1025.0,20.0,8.7,54.0
2020-04-07 18:00:00,286.49,1025.0,68.0,8.2,58.0
2020-04-07 19:00:00,285.14,1024.0,68.0,7.2,54.0
2020-04-07 20:00:00,283.78,1024.0,68.0,7.2,57.0
2020-04-07 21:00:00,282.22,1025.0,87.0,6.2,57.0
2020-04-07 22:00:00,281.17,1024.0,87.0,5.1,61.0
2020-04-07 23:00:00,280.97,1024.0,87.0,3.1,61.0
2020-04-08 00:00:00,280.05,1024.0,92.0,1.5,65.0
2020-04-08 01:00:00,279.98,1024.0,92.0,1.0,65.0
2020-04-08 02:00:00,279.78,1025.0,87.0,1.5,75.0
2020-04-08 03:00:00,279.92,1024.0,81.0,3.6,75.0
2020-04-08 04:00:00,280.47,1024.0,81.0,6.7,81.0
2020-04-08 05:00:00,280.06,1024.0,81.0,3.6,87.0
2020-04-08 06:00:00,279.85,1024.0,90.0,2.1,87.0
2020-04-08 07:00:00,280.54,1023.0,75.0,3.6,87.0
2020-04-08 08:00:00,280.92,1023.0,63.0,4.1,87.0
2020-04-08 09:00:00,282.62,1024.0,41.0,4.6,81.0
2020-04-08 10:00:00,284.06,1024.0,41.0,5.7,76.0
2020-04-08 11:00:00,284.94,1024.0,41.0,5.7,76.0
2020-04-08 12:00:00,285.51,1024.0,55.0,7.7,71.0
2020-04-08 13:00:00,286.67,1024.0,55.0,6.2,66.0
2020-04-08 14:00:00,287.85,1023.0,90.0,5.7,62.0
2020-04-08 15:00:00,287.34,1023.0,75.0,7.2,62.0
2020-04-08 16:00:00,287.51,1023.0,75.0,6.2,67.0
2020-04-08 17:00:00,287.64,1023.0,90.0,4.6,67.0
2020-04-08 18:00:00,286.38,1023.0,90.0,5.1,71.0
2020-04-08 19:00:00,285.47,1024.0,90.0,2.6,81.0
2020-04-08 20:00:00,284.86,1024.0,90.0,4.1,87.0
2020-04-08 21:00:00,284.11,1024.0,90.0,2.1,87.0
2020-04-08 22:00:00,283.05,1025.0,90.0,2.1,87.0
2020-04-08 23:00:00,281.88,1025.0,90.0,2.1,87.0
2020-04-09 00:00:00,281.85,1025.0,90.0,2.1,87.0
2020-04-09 01:00:00,281.27,1025.0,75.0,0.5,93.0
2020-04-09 02:00:00,280.44,1026.0,90.0,5.7,93.0
2020-04-09 03:00:00,279.51,1026.0,90.0,5.1,100.0
2020-04-09 04:00:00,279.19,1026.0,90.0,5.1,93.0
2020-04-09 05:00:00,278.99,1027.0,90.0,4.6,93.0
2020-04-09 06:00:00,278.74,1027.0,90.0,4.1,100.0
2020-04-09 07:00:00,278.66,1027.0,90.0,4.1,100.0
2020-04-09 08:00:00,279.0,1027.0,90.0,4.6,100.0
2020-04-09 09:00:00,279.44,1028.0,90.0,4.6,93.0
2020-04-09 10:00:00,279.92,1028.0,90.0,5.7,93.0
2020-04-09 11:00:00,280.5,1029.0,90.0,4.1,93.0
2020-04-09 12:00:00,281.39,1029.0,90.0,5.1,87.0
2020-04-09 13:00:00,281.78,1029.0,90.0,4.6,93.0
2020-04-09 14:00:00,282.33,1028.0,90.0,4.1,93.0
2020-04-09 15:00:00,283.05,1028.0,90.0,5.1,87.0
2020-04-09 16:00:00,283.21,1027.0,90.0,4.6,87.0
2020-04-09 17:00:00,283.51,1027.0,90.0,5.1,87.0
2020-04-09 18:00:00,283.61,1027.0,90.0,5.1,81.0
2020-04-09 19:00:00,283.27,1026.0,75.0,5.1,81.0
2020-04-09 20:00:00,282.73,1026.0,90.0,5.1,81.0
2020-04-09 21:00:00,282.21,1026.0,90.0,5.1,81.0
2020-04-09 22:00:00,281.41,1027.0,75.0,5.1,81.0
2020-04-09 23:00:00,280.84,1027.0,100.0,3.1,87.0
2020-04-10 00:00:00,280.77,1027.0,100.0,2.1,87.0
2020-04-10 01:00:00,280.45,1026.0,100.0,3.1,87.0
2020-04-10 02:00:00,280.21,1026.0,20.0,2.6,87.0
2020-04-10 03:00:00,280.15,1026.0,100.0,3.1,93.0
2020-04-10 04:00:00,280.0,1025.0,100.0,2.1,87.0
2020-04-10 05:00:00,279.51,1025.0,100.0,1.5,93.0
2020-04-10 06:00:00,279.19,1025.0,75.0,1.5,100.0
2020-04-10 07:00:00,279.25,1025.0,100.0,1.5,93.0
2020-04-10 08:00:00,279.65,1025.0,100.0,1.0,100.0
2020-04-10 09:00:00,280.78,1025.0,100.0,1.0,100.0
2020-04-10 10:00:00,281.89,1025.0,20.0,2.6,87.0
2020-04-10 11:00:00,283.38,1024.0,100.0,2.1,81.0
2020-04-10 12:00:00,285.14,1024.0,100.0,2.1,81.0
2020-04-10 13:00:00,286.01,1024.0,100.0,1.5,71.0
2020-04-10 14:00:00,287.42,1023.0,100.0,1.0,71.0
2020-04-10 15:00:00,288.48,1022.0,100.0,1.5,67.0
2020-04-10 16:00:00,288.59,1022.0,100.0,0.5,67.0
2020-04-10 17:00:00,288.32,1021.0,100.0,1.5,67.0
2020-04-10 18:00:00,287.8,1021.0,100.0,0.5,67.0
2020-04-10 19:00:00,287.33,1021.0,100.0,1.5,72.0
2020-04-10 20:00:00,287.0,1021.0,100.0,1.5,87.0
2020-04-10 21:00:00,285.65,1020.0,100.0,1.5,87.0
2020-04-10 22:00:00,284.76,1020.0,100.0,2.1,93.0
2020-04-10 23:00:00,284.54,1021.0,100.0,0.5,93.0
2020-04-11 00:00:00,284.0,1021.0,100.0,2.1,93.0
2020-04-11 01:00:00,283.55,1021.0,75.0,1.5,93.0
2020-04-11 02:00:00,283.54,1020.0,100.0,1.0,100.0
2020-04-11 03:00:00,283.65,1020.0,100.0,1.0,100.0
2020-04-11 04:00:00,283.63,1020.0,100.0,2.1,93.0
2020-04-11 05:00:00,283.9,1020.0,90.0,2.6,93.0
2020-04-11 06:00:00,283.78,1019.0,90.0,3.6,93.0
2020-04-11 07:00:00,284.02,1019.0,94.0,3.1,93.0
2020-04-11 08:00:00,284.32,1020.0,94.0,3.1,93.0
2020-04-11 09:00:00,284.29,1020.0,90.0,3.6,93.0
2020-04-11 10:00:00,284.55,1020.0,40.0,7.7,87.0
2020-04-11 11:00:00,284.95,1020.0,100.0,9.8,76.0
2020-04-11 12:00:00,285.27,1020.0,40.0,7.7,76.0
2020-04-11 13:00:00,285.56,1021.0,75.0,6.2,71.0
2020-04-11 14:00:00,286.85,1021.0,40.0,5.1,66.0
2020-04-11 15:00:00,287.78,1020.0,20.0,6.2,62.0
2020-04-11 16:00:00,288.17,1020.0,65.0,5.1,62.0
2020-04-11 17:00:00,288.26,1019.0,65.0,7.2,58.0
2020-04-11 18:00:00,287.66,1019.0,58.0,7.2,54.0
2020-04-11 19:00:00,286.74,1019.0,58.0,5.7,54.0
2020-04-11 20:00:00,285.37,1019.0,90.0,4.6,66.0
2020-04-11 21:00:00,284.27,1019.0,90.0,3.6,71.0
2020-04-11 22:00:00,283.72,1018.0,90.0,3.1,76.0
2020-04-11 23:00:00,283.38,1018.0,90.0,1.5,81.0
2020-04-12 00:00:00,283.03,1017.0,90.0,3.1,87.0
2020-04-12 01:00:00,282.64,1017.0,90.0,3.1,93.0
2020-04-12 02:00:00,282.35,1017.0,90.0,3.6,93.0
2020-04-12 03:00:00,282.23,1016.0,90.0,3.1,87.0
2020-04-12 04:00:00,281.76,1016.0,90.0,3.1,87.0
2020-04-12 05:00:00,281.5,1015.0,90.0,2.1,87.0
2020-04-12 06:00:00,280.77,1015.0,90.0,1.5,93.0
2020-04-12 07:00:00,280.45,1015.0,100.0,2.1,93.0
2020-04-12 08:00:00,280.7,1015.0,20.0,1.0,93.0
2020-04-12 09:00:00,281.33,1016.0,100.0,1.5,93.0
2020-04-12 10:00:00,281.89,1016.0,100.0,1.5,87.0
2020-04-12 11:00:00,282.8,1016.0,100.0,1.0,81.0
2020-04-12 12:00:00,283.46,1016.0,100.0,2.1,66.0
2020-04-12 13:00:00,284.27,1017.0,100.0,3.6,54.0
2020-04-12 14:00:00,285.14,1017.0,75.0,4.6,54.0
2020-04-12 15:00:00,285.85,1017.0,75.0,5.7,50.0
2020-04-12 16:00:00,286.7,1017.0,93.0,5.7,44.0
2020-04-12 17:00:00,286.49,1017.0,93.0,6.2,44.0
2020-04-12 18:00:00,285.92,1018.0,95.0,5.1,47.0
2020-04-12 19:00:00,284.22,1019.0,95.0,5.7,50.0
2020-04-12 20:00:00,282.07,1021.0,75.0,10.3,71.0
2020-04-12 21:00:00,280.56,1023.0,75.0,7.7,75.0
2020-04-12 22:00:00,279.74,1025.0,90.0,9.8,75.0
2020-04-12 23:00:00,279.07,1026.0,75.0,8.2,65.0
2020-04-13 00:00:00,278.18,1027.0,43.0,5.7,77.0
2020-04-13 01:00:00,277.76,1028.0,40.0,6.2,77.0
2020-04-13 02:00:00,277.21,1029.0,46.0,6.7,64.0
2020-04-13 03:00:00,276.65,1030.0,0.0,5.1,59.0
2020-04-13 04:00:00,276.35,1030.0,0.0,4.1,64.0
2020-04-13 05:00:00,276.09,1030.0,75.0,4.6,59.0
2020-04-13 06:00:00,275.97,1031.0,75.0,5.1,59.0
2020-04-13 07:00:00,275.51,1032.0,75.0,3.6,64.0
2020-04-13 08:00:00,276.09,1033.0,75.0,4.6,59.0
2020-04-13 09:00:00,277.61,1033.0,75.0,4.1,60.0
2020-04-13 10:00:00,278.1,1034.0,90.0,5.1,56.0
2020-04-13 11:00:00,278.88,1034.0,90.0,4.6,56.0
2020-04-13 12:00:00,279.9,1034.0,90.0,2.6,56.0
2020-04-13 13:00:00,280.63,1034.0,90.0,3.6,52.0
2020-04-13 14:00:00,281.36,1033.0,20.0,3.1,49.0
2020-04-13 15:00:00,282.14,1033.0,0.0,3.6,45.0
2020-04-13 16:00:00,282.5,1032.0,0.0,2.1,42.0
2020-04-13 17:00:00,283.23,1032.0,0.0,1.0,39.0
2020-04-13 18:00:00,282.77,1031.0,3.0,2.1,42.0
2020-04-13 19:00:00,282.4,1031.0,3.0,2.1,42.0
2020-04-13 20:00:00,281.52,1031.0,3.0,1.5,42.0
2020-04-13 21:00:00,279.13,1031.0,34.0,1.5,52.0
2020-04-13 22:00:00,277.6,1031.0,34.0,1.0,69.0
2020-04-13 23:00:00,276.18,1031.0,34.0,3.6,86.0
2020-04-14 00:00:00,275.71,1031.0,60.0,2.6,80.0
2020-04-14 01:00:00,274.65,1030.0,60.0,2.1,86.0
2020-04-14 02:00:00,274.41,1030.0,63.0,2.1,78.0
2020-04-14 03:00:00,274.26,1030.0,71.0,2.1,82.0
2020-04-14 04:00:00,275.17,1029.0,71.0,1.75,82.0
2020-04-14 05:00:00,274.3,1030.0,71.0,1.5,80.0
2020-04-14 06:00:00,274.04,1029.0,67.0,2.1,81.0
2020-04-14 07:00:00,273.51,1029.0,67.0,2.1,81.0
2020-04-14 08:00:00,275.35,1029.0,67.0,2.33,81.0
2020-04-14 09:00:00,278.0,1029.0,61.0,1.0,86.0
2020-04-14 10:00:00,280.16,1028.0,61.0,2.6,81.0
2020-04-14 11:00:00,281.97,1028.0,40.0,6.7,70.0
2020-04-14 12:00:00,282.95,1027.0,80.0,6.2,66.0
2020-04-14 13:00:00,283.56,1027.0,80.0,7.7,66.0
2020-04-14 14:00:00,283.85,1027.0,73.0,6.7,61.0
2020-04-14 15:00:00,284.28,1027.0,90.0,7.2,62.0
2020-04-14 16:00:00,285.02,1026.0,90.0,6.7,50.0
2020-04-14 17:00:00,285.48,1025.0,90.0,6.2,50.0
2020-04-14 18:00:00,284.94,1025.0,92.0,5.7,50.0
2020-04-14 19:00:00,284.23,1025.0,97.0,4.6,54.0
2020-04-14 20:00:00,283.25,1024.0,92.0,5.7,66.0
2020-04-14 21:00:00,280.96,1025.0,95.0,3.6,75.0
2020-04-14 22:00:00,279.8,1025.0,95.0,2.6,86.0
2020-04-14 23:00:00,279.18,1025.0,95.0,2.6,86.0
2020-04-15 00:00:00,278.71,1024.0,92.0,3.1,93.0
2020-04-15 01:00:00,278.14,1024.0,92.0,2.1,86.0
2020-04-15 02:00:00,277.55,1024.0,92.0,2.1,86.0
2020-04-15 03:00:00,277.69,1024.0,75.0,3.1,86.0
2020-04-15 04:00:00,277.08,1023.0,75.0,2.6,86.0
2020-04-15 05:00:00,277.19,1023.0,75.0,4.1,93.0
2020-04-15 06:00:00,276.68,1023.0,46.0,3.6,93.0
2020-04-15 07:00:00,276.63,1023.0,46.0,5.1,93.0
2020-04-15 08:00:00,278.09,1023.0,75.0,5.1,93.0
2020-04-15 09:00:00,280.46,1023.0,90.0,5.7,87.0
2020-04-15 10:00:00,281.59,1023.0,90.0,6.2,81.0
2020-04-15 11:00:00,282.44,1023.0,90.0,5.1,76.0
2020-04-15 12:00:00,283.9,1022.0,75.0,5.7,71.0
2020-04-15 13:00:00,285.4,1022.0,75.0,5.7,66.0
2020-04-15 14:00:00,286.5,1022.0,75.0,6.2,66.0
2020-04-15 15:00:00,287.26,1021.0,75.0,5.7,62.0
2020-04-15 16:00:00,287.2,1021.0,90.0,6.7,66.0
2020-04-15 17:00:00,287.31,1020.0,20.0,5.7,66.0
2020-04-15 18:00:00,286.91,1020.0,24.0,4.6,66.0
2020-04-15 19:00:00,285.66,1020.0,24.0,5.1,71.0
2020-04-15 20:00:00,284.41,1020.0,24.0,5.1,76.0
2020-04-15 21:00:00,282.55,1020.0,93.0,4.1,81.0
2020-04-15 22:00:00,281.38,1020.0,93.0,2.1,87.0
2020-04-15 23:00:00,280.28,1020.0,93.0,3.6,100.0
2020-04-16 00:00:00,279.39,1020.0,88.0,3.1,93.0
2020-04-16 01:00:00,278.5,1019.0,88.0,2.1,93.0
2020-04-16 02:00:00,277.21,1020.0,85.0,3.6,100.0
2020-04-16 03:00:00,277.37,1020.0,11.0,1.0,93.0
2020-04-16 04:00:00,276.86,1019.0,11.0,1.0,93.0
2020-04-16 05:00:00,275.96,1019.0,20.0,1.5,100.0
2020-04-16 06:00:00,275.84,1019.0,90.0,1.0,93.0
2020-04-16 07:00:00,275.61,1019.0,90.0,1.5,92.0
2020-04-16 08:00:00,277.21,1019.0,90.0,1.0,100.0
2020-04-16 09:00:00,279.49,1020.0,61.0,0.5,93.0
2020-04-16 10:00:00,281.46,1020.0,61.0,1.5,93.0
2020-04-16 11:00:00,282.93,1020.0,75.0,7.2,81.0
2020-04-16 12:00:00,284.16,1020.0,90.0,7.7,76.0
2020-04-16 13:00:00,284.28,1020.0,75.0,8.2,66.0
2020-04-16 14:00:00,284.87,1020.0,75.0,7.2,66.0
2020-04-16 15:00:00,284.36,1020.0,40.0,8.2,62.0
2020-04-16 16:00:00,284.57,1020.0,100.0,7.7,58.0
2020-04-16 17:00:00,284.02,1020.0,100.0,9.3,58.0
2020-04-16 18:00:00,283.29,1020.0,100.0,8.7,62.0
2020-04-16 19:00:00,283.41,1020.0,40.0,7.7,62.0
2020-04-16 20:00:00,282.49,1020.0,90.0,7.7,61.0
2020-04-16 21:00:00,281.68,1021.0,90.0,6.7,66.0
2020-04-16 22:00:00,281.6,1021.0,90.0,6.2,61.0
2020-04-16 23:00:00,280.99,1022.0,90.0,5.7,61.0
2020-04-17 00:00:00,280.46,1022.0,90.0,5.1,70.0
2020-04-17 01:00:00,280.39,1022.0,90.0,5.1,70.0
2020-04-17 02:00:00,279.78,1022.0,75.0,5.7,81.0
2020-04-17 03:00:00,279.29,1022.0,81.0,5.7,81.0
2020-04-17 04:00:00,279.08,1022.0,81.0,6.2,87.0
2020-04-17 05:00:00,278.54,1022.0,81.0,4.6,87.0
2020-04-17 06:00:00,278.31,1022.0,79.0,4.1,87.0
2020-04-17 07:00:00,278.15,1022.0,79.0,4.6,93.0
2020-04-17 08:00:00,279.11,1022.0,79.0,3.1,87.0
2020-04-17 09:00:00,281.02,1022.0,75.0,4.6,81.0
2020-04-17 10:00:00,281.6,1022.0,90.0,6.2,81.0
2020-04-17 11:00:00,282.64,1022.0,90.0,6.2,76.0
2020-04-17 12:00:00,283.4,1022.0,90.0,6.7,71.0
2020-04-17 13:00:00,283.85,1022.0,90.0,6.7,66.0
2020-04-17 14:00:00,284.37,1021.0,75.0,7.2,66.0
2020-04-17 15:00:00,284.37,1021.0,75.0,7.2,62.0
2020-04-17 16:00:00,284.74,1021.0,90.0,7.7,58.0
2020-04-17 17:00:00,284.76,1020.0,75.0,8.7,62.0
2020-04-27 16:00:00,286.8,1008.0,54.0,2.6,37.0
2020-04-27 17:00:00,286.92,1008.0,60.0,1.0,40.0
2020-04-27 18:00:00,284.48,1008.0,62.0,6.2,50.0
2020-04-27 19:00:00,282.87,1009.0,65.0,5.1,71.0
2020-04-27 20:00:00,282.07,1009.0,90.0,6.2,81.0
2020-04-27 21:00:00,281.26,1009.0,91.0,4.6,81.0
2020-04-27 22:00:00,279.41,1010.0,81.0,3.1,81.0
2020-04-27 23:00:00,280.03,1010.0,90.0,2.6,81.0
2020-04-28 00:00:00,279.37,1010.0,75.0,3.1,87.0
2020-04-28 01:00:00,278.56,1009.0,40.0,2.6,86.0
2020-04-28 02:00:00,277.89,1009.0,69.0,3.1,93.0
2020-04-28 03:00:00,277.76,1009.0,75.0,3.1,93.0
2020-04-28 04:00:00,277.08,1009.0,69.0,3.6,93.0
2020-04-28 05:00:00,277.2,1009.0,75.0,1.5,93.0
2020-04-28 06:00:00,277.87,1009.0,78.0,2.6,80.0
2020-04-28 07:00:00,277.61,1008.0,20.0,1.5,93.0
2020-04-28 08:00:00,278.03,1008.0,100.0,1.0,100.0
2020-04-28 09:00:00,279.76,1008.0,100.0,4.1,81.0
2020-04-28 10:00:00,280.03,1009.0,100.0,4.1,75.0
2020-04-28 11:00:00,281.0,1008.0,40.0,4.6,75.0
2020-04-28 12:00:00,282.08,1008.0,20.0,4.6,66.0
2020-04-28 13:00:00,283.42,1008.0,90.0,4.1,66.0
2020-04-28 14:00:00,284.23,1007.0,63.0,4.1,57.0
2020-04-28 15:00:00,284.93,1007.0,76.0,4.1,54.0
2020-04-28 16:00:00,284.62,1006.0,20.0,3.6,50.0
2020-04-28 17:00:00,283.68,1006.0,83.0,4.6,57.0
2020-04-28 18:00:00,283.54,1006.0,75.0,4.1,57.0
2020-04-28 19:00:00,282.96,1006.0,87.0,5.1,61.0
2020-04-28 20:00:00,283.01,1006.0,62.0,4.6,61.0
2020-04-28 21:00:00,282.07,1006.0,75.0,4.1,66.0
2020-04-28 22:00:00,281.37,1006.0,20.0,4.6,70.0
2020-04-28 23:00:00,280.63,1006.0,90.0,3.1,81.0
2020-04-29 00:00:00,280.17,1006.0,75.0,2.6,93.0
2020-04-29 01:00:00,280.11,1006.0,90.0,3.1,93.0
2020-04-29 02:00:00,279.93,1006.0,90.0,2.1,93.0
2020-04-29 03:00:00,279.93,1005.0,75.0,3.1,93.0
2020-04-29 04:00:00,279.22,1005.0,40.0,2.1,100.0
2020-04-29 05:00:00,279.23,1004.0,100.0,2.1,100.0
2020-04-29 06:00:00,279.09,1003.0,40.0,2.1,100.0
2020-04-29 07:00:00,279.76,1003.0,100.0,2.6,81.0
2020-04-29 08:00:00,279.76,1003.0,99.0,3.1,87.0
2020-04-29 09:00:00,280.03,1002.0,75.0,3.1,87.0
2020-04-29 10:00:00,280.31,1001.0,90.0,4.1,81.0
2020-04-29 11:00:00,281.26,1001.0,75.0,5.1,70.0
2020-04-29 12:00:00,282.2,1000.0,75.0,5.1,70.0
2020-04-29 13:00:00,282.34,999.0,90.0,6.2,66.0
2020-04-29 14:00:00,282.2,999.0,90.0,6.7,61.0
2020-04-29 15:00:00,282.07,998.0,90.0,5.1,66.0
2020-04-29 16:00:00,282.06,997.0,90.0,6.2,66.0
2020-04-29 17:00:00,281.65,996.0,90.0,5.1,76.0
2020-04-29 18:00:00,280.98,996.0,90.0,4.6,81.0
2020-04-29 19:00:00,280.71,995.0,100.0,4.6,87.0
2020-04-29 20:00:00,280.04,994.0,100.0,4.6,93.0
2020-04-29 21:00:00,279.9,994.0,100.0,5.7,93.0
2020-04-29 22:00:00,279.37,993.0,75.0,4.6,93.0
2020-04-29 23:00:00,279.24,993.0,90.0,3.6,93.0
2020-04-30 00:00:00,278.57,993.0,75.0,1.5,93.0
2020-04-30 01:00:00,278.57,992.0,75.0,1.5,100.0
2020-04-30 02:00:00,278.54,992.0,90.0,2.6,93.0
2020-04-30 03:00:00,278.15,991.0,38.0,3.1,93.0
2020-04-30 04:00:00,278.4,990.0,59.0,2.1,93.0
2020-04-30 05:00:00,278.54,990.0,68.0,1.5,93.0
2020-04-30 06:00:00,278.54,990.0,75.0,2.6,93.0
2020-04-30 07:00:00,278.96,990.0,75.0,3.1,93.0
2020-04-30 08:00:00,279.74,989.0,90.0,6.2,93.0
2020-04-30 09:00:00,280.11,989.0,90.0,4.6,93.0
2020-04-30 10:00:00,280.98,989.0,90.0,3.6,93.0
2020-04-30 11:00:00,282.34,989.0,90.0,4.6,87.0
2020-04-30 12:00:00,283.29,989.0,75.0,4.1,76.0
2020-04-30 13:00:00,283.54,989.0,90.0,3.6,71.0
2020-04-30 14:00:00,284.18,989.0,100.0,4.1,66.0
2020-04-30 15:00:00,283.66,989.0,100.0,1.5,71.0
2020-04-30 16:00:00,284.93,989.0,100.0,3.6,71.0
2020-04-30 17:00:00,283.48,989.0,100.0,6.2,71.0
2020-04-30 18:00:00,282.26,989.0,100.0,2.6,87.0
2020-04-30 19:00:00,283.28,989.0,93.0,3.1,81.0
2020-04-30 20:00:00,282.48,990.0,63.0,3.6,81.0
2020-04-30 21:00:00,281.7,991.0,99.0,2.1,81.0
2020-04-30 22:00:00,281.0,991.0,90.0,1.0,87.0
2020-04-30 23:00:00,280.11,991.0,40.0,1.0,93.0
2020-05-01 00:00:00,279.22,992.0,75.0,1.5,100.0
2020-05-01 01:00:00,279.93,992.0,90.0,1.5,93.0
2020-05-01 02:00:00,278.34,992.0,30.0,1.0,100.0
2020-05-01 03:00:00,275.67,992.0,40.0,1.5,100.0
2020-05-01 04:00:00,276.37,993.0,20.0,1.0,100.0
2020-05-01 05:00:00,274.52,993.0,20.0,1.0,100.0
2020-05-01 06:00:00,275.3,993.0,20.0,0.5,100.0
2020-05-01 07:00:00,274.28,994.0,75.0,1.0,84.0
2020-05-01 08:00:00,275.93,994.0,90.0,1.0,100.0
2020-05-01 09:00:00,279.16,995.0,90.0,0.5,100.0
2020-05-01 10:00:00,281.55,995.0,19.0,1.0,93.0
2020-05-01 11:00:00,283.52,995.0,25.0,0.5,81.0
2020-05-01 12:00:00,285.03,995.0,24.0,1.0,71.0
2020-05-01 13:00:00,284.74,995.0,24.0,2.1,71.0
2020-05-01 14:00:00,284.36,996.0,70.0,5.7,66.0
2020-05-01 15:00:00,285.47,996.0,83.0,4.1,66.0
2020-05-01 16:00:00,286.18,996.0,40.0,4.1,62.0
2020-05-01 17:00:00,286.0,996.0,75.0,4.1,58.0
2020-05-01 18:00:00,286.0,997.0,86.0,6.7,62.0
2020-05-01 19:00:00,286.18,998.0,84.0,6.2,58.0
2020-05-01 20:00:00,284.74,998.0,75.0,4.6,66.0
2020-05-01 21:00:00,282.62,999.0,82.0,1.5,76.0
2020-05-01 22:00:00,282.26,1000.0,75.0,2.1,81.0
2020-05-01 23:00:00,282.08,1001.0,40.0,1.5,81.0
2020-05-02 00:00:00,281.37,1001.0,77.0,2.6,81.0
2020-05-02 01:00:00,281.26,1002.0,90.0,2.1,87.0
2020-05-02 02:00:00,281.12,1002.0,60.0,2.6,81.0
2020-05-02 03:00:00,279.06,1003.0,59.0,2.1,86.0
2020-05-02 04:00:00,277.45,1003.0,64.0,3.1,86.0
2020-05-02 05:00:00,277.45,1004.0,67.0,3.1,93.0
2020-05-02 06:00:00,277.27,1005.0,65.0,1.5,100.0
2020-05-02 07:00:00,277.99,1006.0,64.0,2.6,86.0
2020-05-02 08:00:00,280.47,1006.0,17.0,2.1,87.0
2020-05-02 09:00:00,282.62,1007.0,17.0,4.6,76.0
2020-05-02 10:00:00,283.85,1008.0,11.0,4.6,66.0
2020-05-02 11:00:00,284.93,1008.0,11.0,5.7,62.0
2020-05-02 12:00:00,285.81,1008.0,15.0,4.1,54.0
2020-05-02 13:00:00,286.89,1009.0,75.0,4.1,50.0
2020-05-02 14:00:00,287.08,1010.0,79.0,2.6,47.0
2020-05-02 15:00:00,287.08,1010.0,83.0,3.1,47.0
2020-05-02 16:00:00,287.08,1010.0,71.0,1.5,44.0
2020-05-02 17:00:00,287.89,1011.0,76.0,4.1,44.0
2020-05-02 18:00:00,287.96,1011.0,80.0,5.1,44.0
2020-05-02 19:00:00,287.08,1011.0,80.0,5.7,47.0
2020-05-02 20:00:00,286.0,1012.0,37.0,5.7,50.0
2020-05-02 21:00:00,284.04,1013.0,35.0,4.1,62.0
2020-05-02 22:00:00,281.67,1013.0,34.0,2.6,70.0
2020-05-02 23:00:00,280.11,1014.0,39.0,1.5,75.0
2020-05-03 00:00:00,278.35,1014.0,44.0,1.5,93.0
2020-05-03 01:00:00,278.7,1014.0,48.0,1.5,80.0
2020-05-03 02:00:00,277.08,1015.0,76.0,1.0,93.0
2020-05-03 03:00:00,275.34,1015.0,61.0,2.1,78.0
2020-05-03 04:00:00,275.24,1015.0,57.0,1.5,80.0
2020-05-03 05:00:00,274.41,1015.0,57.0,0.5,100.0
2020-05-03 06:00:00,274.53,1015.0,20.0,0.5,83.0
2020-05-03 07:00:00,275.51,1016.0,54.0,1.5,80.0
2020-05-03 08:00:00,277.27,1016.0,90.0,0.5,93.0
2020-05-03 09:00:00,280.4,1017.0,40.0,0.5,87.0
2020-05-03 10:00:00,282.45,1017.0,40.0,1.0,76.0
2020-05-03 11:00:00,283.7,1017.0,75.0,1.0,71.0
2020-05-03 12:00:00,286.12,1017.0,75.0,1.5,62.0
2020-05-03 13:00:00,286.89,1017.0,31.0,2.1,47.0
2020-05-03 14:00:00,288.01,1016.0,20.0,2.1,47.0
2020-05-03 15:00:00,287.48,1017.0,50.0,3.6,50.0
2020-05-03 16:00:00,288.15,1017.0,53.0,3.1,44.0
2020-05-03 17:00:00,288.85,1017.0,63.0,3.6,36.0
2020-05-03 18:00:00,286.52,1016.0,62.0,3.1,47.0
2020-05-03 19:00:00,287.11,1016.0,60.0,4.1,44.0
2020-05-03 20:00:00,286.26,1017.0,89.0,4.6,62.0
2020-05-03 21:00:00,284.26,1017.0,84.0,3.1,66.0
2020-05-03 22:00:00,282.28,1018.0,81.0,2.1,76.0
2020-05-03 23:00:00,281.75,1018.0,69.0,4.1,81.0
2020-05-04 00:00:00,281.91,1019.0,63.0,3.1,81.0
2020-05-04 01:00:00,282.08,1019.0,63.0,4.6,76.0
2020-05-04 02:00:00,281.0,1020.0,90.0,2.6,87.0
2020-05-04 03:00:00,281.19,1020.0,75.0,2.6,87.0
2020-05-04 04:00:00,281.19,1020.0,75.0,2.6,87.0
2020-05-04 05:00:00,281.12,1021.0,90.0,2.6,87.0
2020-05-04 06:00:00,281.12,1021.0,90.0,5.7,75.0
2020-05-04 07:00:00,280.98,1022.0,90.0,4.6,75.0
2020-05-04 08:00:00,280.84,1022.0,90.0,5.7,75.0
2020-05-04 09:00:00,281.12,1023.0,90.0,5.7,75.0
2020-05-04 10:00:00,282.07,1024.0,90.0,6.2,76.0
2020-05-04 11:00:00,283.4,1024.0,75.0,6.7,62.0
2020-05-04 12:00:00,283.68,1024.0,90.0,6.2,62.0
2020-05-04 13:00:00,284.62,1025.0,75.0,6.2,62.0
2020-05-04 14:00:00,285.45,1025.0,75.0,5.1,47.0
2020-05-04 15:00:00,285.7,1025.0,40.0,4.6,50.0
2020-05-04 16:00:00,285.98,1025.0,20.0,5.7,50.0
2020-05-04 17:00:00,286.89,1024.0,53.0,5.1,44.0
2020-05-04 18:00:00,286.71,1024.0,61.0,3.6,44.0
2020-05-04 19:00:00,285.81,1024.0,55.0,5.1,43.0
2020-05-04 20:00:00,285.04,1024.0,3.0,5.7,50.0
2020-05-04 21:00:00,283.85,1024.0,7.0,6.2,53.0
2020-05-04 22:00:00,282.26,1025.0,4.0,4.6,57.0
2020-05-04 23:00:00,281.12,1025.0,4.0,4.6,65.0
2020-05-05 00:00:00,280.04,1026.0,3.0,4.6,75.0
2020-05-05 01:00:00,278.82,1025.0,3.0,4.1,81.0
2020-05-05 02:00:00,278.29,1026.0,1.0,1.5,80.0
2020-05-05 03:00:00,277.35,1025.0,4.0,4.1,86.0
2020-05-05 04:00:00,277.32,1025.0,3.0,2.6,86.0
2020-05-05 05:00:00,275.85,1026.0,3.0,0.5,93.0
2020-05-05 06:00:00,274.51,1026.0,2.0,1.0,100.0
2020-05-05 07:00:00,274.4,1026.0,3.0,1.5,100.0
2020-05-05 08:00:00,278.34,1026.0,70.0,1.0,86.0
2020-05-05 09:00:00,280.72,1025.0,45.0,3.6,81.0
2020-05-05 10:00:00,282.08,1025.0,20.0,4.6,66.0
2020-05-05 11:00:00,283.15,1025.0,40.0,4.1,61.0
2020-05-05 12:00:00,284.74,1025.0,75.0,4.1,54.0
2020-05-05 13:00:00,285.11,1024.0,40.0,4.6,54.0
2020-05-05 14:00:00,286.89,1024.0,40.0,4.1,47.0
2020-05-05 15:00:00,288.01,1024.0,40.0,6.2,41.0
2020-05-05 16:00:00,288.29,1024.0,8.0,3.6,41.0
2020-05-05 17:00:00,288.15,1024.0,8.0,3.1,41.0
2020-05-05 18:00:00,288.29,1024.0,15.0,3.1,38.0
2020-05-05 19:00:00,287.26,1024.0,24.0,6.2,50.0
2020-05-05 20:00:00,286.0,1024.0,56.0,4.6,58.0
2020-05-05 21:00:00,285.3,1024.0,39.0,5.1,58.0
2020-05-05 22:00:00,281.58,1025.0,27.0,3.6,66.0
2020-05-05 23:00:00,279.77,1025.0,20.0,3.6,75.0
2020-05-06 00:00:00,279.76,1026.0,16.0,2.6,81.0
2020-05-06 01:00:00,279.5,1026.0,13.0,2.1,87.0
2020-05-06 02:00:00,278.95,1026.0,0.0,1.5,87.0
2020-05-06 03:00:00,276.95,1026.0,0.0,1.0,93.0
2020-05-06 04:00:00,276.14,1026.0,0.0,1.5,93.0
2020-05-06 05:00:00,275.19,1027.0,0.0,1.5,82.0
2020-05-06 06:00:00,275.34,1027.0,0.0,1.0,81.0
2020-05-06 07:00:00,276.23,1027.0,0.0,1.0,100.0
2020-05-06 08:00:00,277.91,1027.0,0.0,0.5,93.0
2020-05-06 09:00:00,281.26,1027.0,0.0,1.0,75.0
2020-05-06 10:00:00,283.57,1027.0,0.0,0.5,66.0
2020-05-06 11:00:00,285.45,1026.0,0.0,1.0,58.0
2020-05-06 12:00:00,287.26,1026.0,0.0,1.5,47.0
2020-05-06 13:00:00,288.7,1026.0,0.0,1.5,41.0
2020-05-06 14:00:00,289.63,1026.0,0.0,2.1,36.0
2020-05-06 15:00:00,291.39,1025.0,0.0,1.5,27.0
2020-05-06 16:00:00,291.81,1025.0,0.0,2.1,35.0
2020-05-06 17:00:00,292.2,1024.0,0.0,2.1,29.0
2020-05-06 18:00:00,292.09,1024.0,0.0,4.1,45.0
2020-05-06 19:00:00,290.16,1024.0,0.0,2.6,36.0
2020-05-06 20:00:00,289.22,1024.0,0.0,4.1,44.0
2020-05-06 21:00:00,285.1,1024.0,0.0,3.6,66.0
2020-05-06 22:00:00,282.99,1024.0,1.0,1.5,66.0
2020-05-06 23:00:00,282.08,1025.0,1.0,1.5,70.0
2020-05-07 00:00:00,281.0,1025.0,1.0,0.5,70.0
2020-05-07 01:00:00,279.77,1024.0,1.0,1.5,81.0
2020-05-07 02:00:00,278.03,1024.0,0.0,0.5,93.0
2020-05-07 03:00:00,276.41,1024.0,0.0,1.0,93.0
2020-05-07 04:00:00,276.14,1023.0,0.0,1.0,93.0
2020-05-07 05:00:00,275.86,1023.0,0.0,1.0,93.0
2020-05-07 06:00:00,275.72,1022.0,0.0,0.5,93.0
2020-05-07 07:00:00,276.41,1022.0,0.0,1.5,63.0
2020-05-07 08:00:00,277.99,1022.0,75.0,1.0,86.0
2020-05-07 09:00:00,281.18,1021.0,75.0,1.5,75.0
2020-05-07 10:00:00,283.52,1021.0,90.0,0.5,66.0
2020-05-07 11:00:00,285.13,1021.0,75.0,1.0,58.0
2020-05-07 12:00:00,285.45,1021.0,90.0,4.6,58.0
2020-05-07 13:00:00,286.67,1021.0,90.0,3.6,66.0
2020-05-07 14:00:00,287.8,1020.0,75.0,1.5,67.0
2020-05-07 15:00:00,289.04,1020.0,75.0,5.7,55.0
2020-05-07 16:00:00,289.77,1019.0,75.0,6.2,55.0
2020-05-07 17:00:00,289.34,1018.0,75.0,5.1,59.0
2020-05-07 18:00:00,289.19,1018.0,20.0,3.6,63.0
2020-05-07 19:00:00,289.78,1017.0,40.0,5.7,59.0
2020-05-07 20:00:00,288.47,1017.0,4.0,3.1,63.0
2020-05-07 21:00:00,286.0,1017.0,17.0,4.1,66.0
2020-05-07 22:00:00,284.98,1018.0,20.0,2.6,66.0
2020-05-07 23:00:00,283.92,1017.0,40.0,2.1,76.0
2020-05-08 00:00:00,285.15,1017.0,25.0,1.0,76.0
2020-05-08 01:00:00,283.92,1017.0,75.0,0.5,81.0
2020-05-08 02:00:00,285.15,1017.0,75.0,1.0,76.0
2020-05-08 03:00:00,284.4,1017.0,75.0,1.5,87.0
2020-05-08 04:00:00,284.03,1017.0,75.0,1.0,87.0
2020-05-08 05:00:00,284.62,1017.0,90.0,3.1,87.0
2020-05-08 06:00:00,284.36,1017.0,90.0,2.6,93.0
2020-05-08 07:00:00,284.9,1017.0,90.0,1.5,87.0
2020-05-08 08:00:00,285.45,1017.0,90.0,2.6,82.0
2020-05-08 09:00:00,286.37,1017.0,90.0,3.6,76.0
2020-05-08 10:00:00,287.07,1017.0,75.0,3.6,71.0
2020-05-08 11:00:00,287.96,1017.0,90.0,5.1,72.0
2020-05-08 12:00:00,288.67,1017.0,75.0,4.1,67.0
2020-05-08 13:00:00,289.21,1017.0,90.0,4.1,67.0
2020-05-08 14:00:00,289.36,1017.0,75.0,4.1,63.0
2020-05-08 15:00:00,289.04,1017.0,75.0,5.7,67.0
2020-05-08 16:00:00,290.29,1017.0,40.0,5.7,59.0
2020-05-08 17:00:00,290.48,1016.0,75.0,4.1,63.0
2020-05-08 18:00:00,289.91,1016.0,75.0,3.6,63.0
2020-05-08 19:00:00,289.74,1016.0,75.0,5.1,59.0
2020-05-08 20:00:00,288.85,1016.0,90.0,4.1,63.0
2020-05-08 21:00:00,288.15,1016.0,5.0,3.1,67.0
2020-05-08 22:00:00,285.85,1017.0,3.0,1.5,71.0
2020-05-08 23:00:00,284.74,1017.0,10.0,0.5,81.0
2020-05-09 00:00:00,283.52,1017.0,14.0,2.1,87.0
2020-05-09 01:00:00,283.52,1017.0,14.0,1.5,93.0
2020-05-09 02:00:00,283.69,1017.0,8.0,2.1,93.0
2020-05-09 03:00:00,283.36,1017.0,5.0,2.1,93.0
2020-05-09 04:00:00,283.51,1016.0,8.0,1.5,93.0
2020-05-09 05:00:00,282.49,1016.0,24.0,1.5,93.0
2020-05-09 06:00:00,283.43,1016.0,33.0,1.5,93.0
2020-05-09 07:00:00,283.7,1016.0,42.0,1.5,93.0
2020-05-09 08:00:00,284.4,1016.0,66.0,1.0,93.0
2020-05-09 09:00:00,286.54,1016.0,68.0,0.5,82.0
2020-05-09 10:00:00,287.26,1015.0,75.0,1.5,76.0
2020-05-09 11:00:00,288.47,1015.0,76.0,1.5,77.0
2020-05-09 12:00:00,289.97,1015.0,40.0,1.5,72.0
2020-05-09 13:00:00,289.83,1014.0,84.0,2.1,82.0
2020-05-09 14:00:00,290.6,1014.0,20.0,1.5,72.0
2020-05-09 15:00:00,291.31,1013.0,75.0,2.6,63.0
2020-05-09 16:00:00,291.89,1012.0,75.0,4.6,55.0
2020-05-09 17:00:00,292.08,1012.0,40.0,4.6,55.0
2020-05-09 18:00:00,292.37,1011.0,20.0,6.7,49.0
2020-05-09 19:00:00,291.0,1011.0,20.0,5.1,59.0
2020-05-09 20:00:00,289.41,1011.0,40.0,5.1,63.0
2020-05-09 21:00:00,287.96,1011.0,100.0,4.1,67.0
2020-05-09 22:00:00,287.44,1012.0,100.0,2.6,71.0
2020-05-09 23:00:00,285.84,1012.0,100.0,3.1,71.0
2020-05-10 00:00:00,285.63,1012.0,75.0,3.6,76.0
2020-05-10 01:00:00,283.62,1012.0,75.0,8.2,87.0
2020-05-10 02:00:00,281.17,1014.0,90.0,5.1,87.0
2020-05-10 03:00:00,280.63,1014.0,90.0,6.7,87.0
2020-05-10 04:00:00,279.93,1015.0,90.0,5.7,93.0
2020-05-10 05:00:00,279.93,1016.0,90.0,5.7,87.0
2020-05-10 06:00:00,279.22,1016.0,75.0,5.1,87.0
2020-05-10 07:00:00,278.96,1017.0,75.0,5.7,87.0
2020-05-10 08:00:00,278.95,1018.0,75.0,8.2,81.0
2020-05-10 09:00:00,278.96,1019.0,75.0,7.7,70.0
2020-05-10 10:00:00,279.42,1020.0,75.0,9.3,70.0
2020-05-10 11:00:00,279.76,1021.0,40.0,8.2,56.0
2020-05-10 12:00:00,280.32,1021.0,40.0,8.7,56.0
2020-05-10 13:00:00,280.98,1021.0,75.0,8.2,49.0
2020-05-10 14:00:00,282.46,1022.0,31.0,8.7,43.0
2020-05-10 15:00:00,282.96,1022.0,23.0,7.2,34.0
2020-05-10 16:00:00,282.96,1023.0,29.0,8.2,34.0
2020-05-10 17:00:00,282.07,1023.0,46.0,7.7,34.0
2020-05-10 18:00:00,282.79,1024.0,57.0,5.7,31.0
2020-05-10 19:00:00,281.24,1024.0,63.0,6.2,39.0
2020-05-10 20:00:00,280.03,1025.0,86.0,6.2,45.0
2020-05-10 21:00:00,279.23,1025.0,62.0,4.1,48.0
2020-05-10 22:00:00,278.68,1026.0,65.0,5.7,52.0
2020-05-10 23:00:00,277.21,1027.0,68.0,4.1,60.0
